-- phpMyAdmin SQL Dump
-- version 5.0.1
-- https://www.phpmyadmin.net/
--
-- Host: 127.0.0.1
-- Generation Time: Mar 14, 2021 at 08:07 PM
-- Server version: 10.4.11-MariaDB
-- PHP Version: 7.4.3

SET SQL_MODE = "NO_AUTO_VALUE_ON_ZERO";
SET AUTOCOMMIT = 0;
START TRANSACTION;
SET time_zone = "+00:00";


/*!40101 SET @OLD_CHARACTER_SET_CLIENT=@@CHARACTER_SET_CLIENT */;
/*!40101 SET @OLD_CHARACTER_SET_RESULTS=@@CHARACTER_SET_RESULTS */;
/*!40101 SET @OLD_COLLATION_CONNECTION=@@COLLATION_CONNECTION */;
/*!40101 SET NAMES utf8mb4 */;

--
-- Database: `zyacbt`
--

-- --------------------------------------------------------

--
-- Table structure for table `cbt_jawaban`
--

CREATE TABLE `cbt_jawaban` (
  `jawaban_id` bigint(20) UNSIGNED NOT NULL,
  `jawaban_soal_id` bigint(20) UNSIGNED NOT NULL,
  `jawaban_detail` text COLLATE utf8_unicode_ci NOT NULL,
  `jawaban_benar` tinyint(1) NOT NULL DEFAULT 0,
  `jawaban_aktif` tinyint(1) NOT NULL DEFAULT 0
) ENGINE=InnoDB DEFAULT CHARSET=utf8 COLLATE=utf8_unicode_ci;

--
-- Dumping data for table `cbt_jawaban`
--

INSERT INTO `cbt_jawaban` (`jawaban_id`, `jawaban_soal_id`, `jawaban_detail`, `jawaban_benar`, `jawaban_aktif`) VALUES
(186, 57, '<p>1 Syawal</p>\r\n', 1, 1),
(187, 57, '<p>1 Agustus</p>', 0, 1),
(188, 57, '<p>1 Januari</p>', 0, 1),
(189, 57, '<p>1 Desember</p>', 0, 1),
(190, 57, '<p>14 Februari</p>', 0, 1),
(191, 56, '<p>Nazril Irham</p>', 1, 1),
(192, 56, '<p>Joko Susilo</p>', 0, 1),
(193, 56, '<p>Wahyu Saputra</p>\r\n', 0, 1),
(194, 56, '<p>Aril Piterpen</p>', 0, 1),
(195, 56, 'Joko Wow', 0, 1),
(196, 55, '<p>Soekarno</p>', 1, 1),
(197, 55, '<p>Soeharto</p>\r\n', 0, 1),
(198, 55, '<p>Susilo Bambang Yudhoyono</p>\r\n', 0, 1),
(199, 55, '<p>BJ. Habibie</p>\r\n', 0, 1),
(200, 55, '<p>Joko Widodo</p>\r\n', 0, 1),
(201, 54, '<p>Sun East Mall</p>', 1, 1),
(202, 54, '<p>Matahari</p>', 0, 1),
(203, 54, '<p>Bulan</p>', 0, 1),
(204, 54, '<p>Tanah Abang</p>', 0, 1),
(205, 54, '<p>Tanah Lempong</p>', 0, 1),
(206, 53, '<p>Sekolah Menengah Kejuruan</p>', 1, 1),
(207, 53, '<p>Sekolah Menengah Kejujuran</p>', 0, 1),
(208, 53, '<p>Sekolah Maju Sendiri</p>', 0, 1),
(209, 53, '<p>Sekolah Mak Ku</p>', 0, 1),
(210, 53, '<p>Sekolah Memilih Kekasih</p>', 0, 1),
(211, 64, 'Akhirnya aku menemukanmu', 1, 1),
(212, 64, 'Akhir dirimu', 0, 1),
(213, 64, 'Susahnya jadi dia', 0, 1),
(214, 64, 'Jones', 0, 1),
(215, 64, 'Josan - Jomblo Pas Pasan', 0, 1),
(621, 161, '<p>Aksi bela Jomblo</p>\r\n', 1, 1),
(622, 161, '<p>Aksi bela cewek</p>\r\n', 0, 1),
(623, 161, '<p>14 Februari</p>\r\n', 0, 1),
(624, 161, '<p>Hari Valentine</p>\r\n', 0, 1),
(625, 161, '<p>Turun ke jalan</p>\r\n', 0, 1);

-- --------------------------------------------------------

--
-- Table structure for table `cbt_konfigurasi`
--

CREATE TABLE `cbt_konfigurasi` (
  `konfigurasi_id` int(11) NOT NULL,
  `konfigurasi_kode` varchar(50) NOT NULL,
  `konfigurasi_isi` varchar(500) NOT NULL,
  `konfigurasi_keterangan` varchar(100) NOT NULL
) ENGINE=InnoDB DEFAULT CHARSET=latin1;

--
-- Dumping data for table `cbt_konfigurasi`
--

INSERT INTO `cbt_konfigurasi` (`konfigurasi_id`, `konfigurasi_kode`, `konfigurasi_isi`, `konfigurasi_keterangan`) VALUES
(1, 'link_login_operator', 'ya', 'Menampilkan Link Login Operator'),
(2, 'cbt_nama', 'Computer Based-Test', 'Nama Penyelenggara ZYACBT'),
(3, 'cbt_keterangan', 'Ujian Online Berbasis Komputer', 'Keterangan Penyelenggara ZYACBT'),
(4, 'cbt_mobile_lock_xambro', 'tidak', 'Melakukan Lock pada browser mobile agar menggunakan Xambro Saja'),
(5, 'cbt_informasi', '<p>Silahkan pilih Tes yang diikuti dari daftar tes yang tersedia dibawah ini. Apabila tes tidak muncul, silahkan menghubungi Operator yang bertugas.</p>\r\n', 'Informasi yang diberika di Dashboard peserta tes\'');

-- --------------------------------------------------------

--
-- Table structure for table `cbt_modul`
--

CREATE TABLE `cbt_modul` (
  `modul_id` bigint(20) UNSIGNED NOT NULL,
  `modul_nama` varchar(255) COLLATE utf8_unicode_ci NOT NULL,
  `modul_aktif` tinyint(1) NOT NULL DEFAULT 0
) ENGINE=InnoDB DEFAULT CHARSET=utf8 COLLATE=utf8_unicode_ci;

--
-- Dumping data for table `cbt_modul`
--

INSERT INTO `cbt_modul` (`modul_id`, `modul_nama`, `modul_aktif`) VALUES
(9, 'Default', 1);

-- --------------------------------------------------------

--
-- Table structure for table `cbt_sessions`
--

CREATE TABLE `cbt_sessions` (
  `id` varchar(128) NOT NULL,
  `ip_address` varchar(45) NOT NULL,
  `timestamp` int(10) UNSIGNED NOT NULL DEFAULT 0,
  `data` blob NOT NULL
) ENGINE=InnoDB DEFAULT CHARSET=utf8;

--
-- Dumping data for table `cbt_sessions`
--

INSERT INTO `cbt_sessions` (`id`, `ip_address`, `timestamp`, `data`) VALUES
('07t77e3ud7idglikrjd1e4sabaim30bf', '::1', 1615743192, 0x5f5f63695f6c6173745f726567656e65726174657c693a313631353734333139323b69647c733a323a223230223b6362745f757365725f69647c733a353a2261646d696e223b6362745f6e616d617c733a31323a224163686d6164204c75746669223b6362745f6c6576656c7c733a353a2261646d696e223b6362745f6f707369317c733a303a22223b6362745f6f707369327c733a303a22223b7374617475737c733a313a2233223b),
('1kbv9cqu1ihcom2pvvvad3ne3fqq3cpg', '::1', 1615736050, 0x5f5f63695f6c6173745f726567656e65726174657c693a313631353733363035303b69647c733a323a223138223b6362745f757365725f69647c733a353a2261646d696e223b6362745f6e616d617c733a31323a224163686d6164204c75746669223b6362745f6c6576656c7c733a353a2261646d696e223b6362745f6f707369317c733a303a22223b6362745f6f707369327c733a303a22223b7374617475737c693a323b),
('2s6tmihhdlg4vqjpagn8hod2b22bv8rg', '::1', 1615747975, 0x5f5f63695f6c6173745f726567656e65726174657c693a313631353734373937353b69647c733a323a223138223b6362745f757365725f69647c733a353a2261646d696e223b6362745f6e616d617c733a31323a224163686d6164204c75746669223b6362745f6c6576656c7c733a353a2261646d696e223b6362745f6f707369317c733a303a22223b6362745f6f707369327c733a303a22223b7374617475737c733a313a2232223b6362745f7465735f757365725f69647c733a353a226b656e7a6f223b6362745f7465735f6e616d617c733a31333a224b656e7a6f2050726174616d61223b6362745f7465735f67726f75707c733a32303a22547279204f757420506f6c737461742053544953223b6362745f7465735f67726f75705f69647c733a313a2235223b),
('3g6r96fbsgqkf4bctp9j970i6lo9p9jo', '::1', 1615746923, 0x5f5f63695f6c6173745f726567656e65726174657c693a313631353734363932333b69647c733a323a223231223b6362745f757365725f69647c733a353a2261646d696e223b6362745f6e616d617c733a31323a224163686d6164204c75746669223b6362745f6c6576656c7c733a353a2261646d696e223b6362745f6f707369317c733a303a22223b6362745f6f707369327c733a303a22223b7374617475737c693a323b),
('3h4i1bp0ps8d1cbfnpietampn6ev6coq', '::1', 1615729784, 0x5f5f63695f6c6173745f726567656e65726174657c693a313631353732393738343b69647c733a323a223136223b7374617475737c693a323b6362745f757365725f69647c733a353a2261646d696e223b6362745f6e616d617c733a31323a224163686d6164204c75746669223b6362745f6c6576656c7c733a353a2261646d696e223b6362745f6f707369317c733a303a22223b6362745f6f707369327c733a303a22223b6362745f7465735f757365725f69647c733a31303a2276616e696172697a6b69223b6362745f7465735f6e616d617c733a31313a2256616e69612052697a6b69223b6362745f7465735f67726f75707c733a353a225849204d4d223b6362745f7465735f67726f75705f69647c733a313a2235223b),
('5cd522dguog79m8mb22b47li3h7rgc7p', '::1', 1615744291, 0x5f5f63695f6c6173745f726567656e65726174657c693a313631353734343239303b69647c733a323a223230223b6362745f757365725f69647c733a353a2261646d696e223b6362745f6e616d617c733a31323a224163686d6164204c75746669223b6362745f6c6576656c7c733a353a2261646d696e223b6362745f6f707369317c733a303a22223b6362745f6f707369327c733a303a22223b7374617475737c733a313a2233223b),
('6gdidldt1cga46mobbrsivn41e1l15r1', '::1', 1615044703, 0x5f5f63695f6c6173745f726567656e65726174657c693a313631353034343537343b6362745f757365725f69647c733a353a2261646d696e223b6362745f6e616d617c733a31323a224163686d6164204c75746669223b6362745f6c6576656c7c733a353a2261646d696e223b6362745f6f707369317c733a303a22223b6362745f6f707369327c733a303a22223b6362745f7465735f757365725f69647c733a343a226572696b223b6362745f7465735f6e616d617c733a343a226572696b223b6362745f7465735f67726f75707c733a353a225849204d4d223b6362745f7465735f67726f75705f69647c733a313a2235223b),
('6kmutsrvjj3fm6pe2pvs1tqna9j8uu45', '::1', 1615743947, 0x5f5f63695f6c6173745f726567656e65726174657c693a313631353734333934373b69647c733a323a223230223b6362745f757365725f69647c733a353a2261646d696e223b6362745f6e616d617c733a31323a224163686d6164204c75746669223b6362745f6c6576656c7c733a353a2261646d696e223b6362745f6f707369317c733a303a22223b6362745f6f707369327c733a303a22223b7374617475737c733a313a2233223b),
('8cd2g4j4uf7l3o3o9m2a4h85d92t0do5', '::1', 1615730372, 0x5f5f63695f6c6173745f726567656e65726174657c693a313631353733303337323b69647c733a323a223136223b7374617475737c693a323b6362745f757365725f69647c733a353a2261646d696e223b6362745f6e616d617c733a31323a224163686d6164204c75746669223b6362745f6c6576656c7c733a353a2261646d696e223b6362745f6f707369317c733a303a22223b6362745f6f707369327c733a303a22223b),
('8ime9rcv18l448nka137flcanj0n675d', '::1', 1615021339, 0x5f5f63695f6c6173745f726567656e65726174657c693a313631353032313333393b),
('c9738len456p3obekefpnch7o0gd8fmk', '::1', 1615728993, 0x5f5f63695f6c6173745f726567656e65726174657c693a313631353732383939333b69647c733a323a223136223b7374617475737c693a323b),
('ddtb0vmpgl8l0jncg45p4qs4lh14rv5b', '::1', 1615733369, 0x5f5f63695f6c6173745f726567656e65726174657c693a313631353733333336393b6362745f7465735f757365725f69647c733a363a2272616968616e223b6362745f7465735f6e616d617c733a363a2252616968616e223b6362745f7465735f67726f75707c733a353a225849204d4d223b6362745f7465735f67726f75705f69647c733a313a2235223b),
('dodo3uhfpen7v7brk0cdb5bncjdgc050', '::1', 1615746606, 0x5f5f63695f6c6173745f726567656e65726174657c693a313631353734363630363b69647c733a323a223231223b6362745f757365725f69647c733a353a2261646d696e223b6362745f6e616d617c733a31323a224163686d6164204c75746669223b6362745f6c6576656c7c733a353a2261646d696e223b6362745f6f707369317c733a303a22223b6362745f6f707369327c733a303a22223b7374617475737c693a323b),
('erhg1np2psj889vi8sn57jdltqu93ss2', '::1', 1615746299, 0x5f5f63695f6c6173745f726567656e65726174657c693a313631353734363239393b69647c733a323a223231223b6362745f757365725f69647c733a353a2261646d696e223b6362745f6e616d617c733a31323a224163686d6164204c75746669223b6362745f6c6576656c7c733a353a2261646d696e223b6362745f6f707369317c733a303a22223b6362745f6f707369327c733a303a22223b7374617475737c693a323b),
('f5phuseofs427mhurnq3qf5evhqsc1li', '::1', 1615737805, 0x5f5f63695f6c6173745f726567656e65726174657c693a313631353733373830353b69647c733a323a223138223b6362745f757365725f69647c733a353a2261646d696e223b6362745f6e616d617c733a31323a224163686d6164204c75746669223b6362745f6c6576656c7c733a353a2261646d696e223b6362745f6f707369317c733a303a22223b6362745f6f707369327c733a303a22223b7374617475737c693a323b),
('f7630m8d6i7qkq1kulc4tao0uqs1kvf0', '::1', 1615020314, 0x5f5f63695f6c6173745f726567656e65726174657c693a313631353032303331343b6362745f757365725f69647c733a353a2261646d696e223b6362745f6e616d617c733a31323a224163686d6164204c75746669223b6362745f6c6576656c7c733a353a2261646d696e223b6362745f6f707369317c733a303a22223b6362745f6f707369327c733a303a22223b),
('f8gnf9kbeb173m0pn2b82rebgiq2q3uh', '::1', 1615745047, 0x5f5f63695f6c6173745f726567656e65726174657c693a313631353734353034373b69647c733a323a223230223b6362745f757365725f69647c733a353a2261646d696e223b6362745f6e616d617c733a31323a224163686d6164204c75746669223b6362745f6c6576656c7c733a353a2261646d696e223b6362745f6f707369317c733a303a22223b6362745f6f707369327c733a303a22223b7374617475737c733a313a2233223b),
('f9s7s1mmgo0cvenluf5862vlfk0r9du7', '::1', 1615044574, 0x5f5f63695f6c6173745f726567656e65726174657c693a313631353034343537343b6362745f757365725f69647c733a353a2261646d696e223b6362745f6e616d617c733a31323a224163686d6164204c75746669223b6362745f6c6576656c7c733a353a2261646d696e223b6362745f6f707369317c733a303a22223b6362745f6f707369327c733a303a22223b),
('ff2plf9glv9sbi5mo17mve3ujbit5634', '::1', 1615733376, 0x5f5f63695f6c6173745f726567656e65726174657c693a313631353733333336393b6362745f7465735f757365725f69647c733a363a2272616968616e223b6362745f7465735f6e616d617c733a363a2252616968616e223b6362745f7465735f67726f75707c733a353a225849204d4d223b6362745f7465735f67726f75705f69647c733a313a2235223b),
('g0998392op5hcprgtvf09fj08o6aprm7', '::1', 1615020622, 0x5f5f63695f6c6173745f726567656e65726174657c693a313631353032303632323b6362745f757365725f69647c733a353a2261646d696e223b6362745f6e616d617c733a31323a224163686d6164204c75746669223b6362745f6c6576656c7c733a353a2261646d696e223b6362745f6f707369317c733a303a22223b6362745f6f707369327c733a303a22223b),
('gfd5gdhekb7elban05rde98e01empc3b', '::1', 1615044268, 0x5f5f63695f6c6173745f726567656e65726174657c693a313631353034343236383b6362745f757365725f69647c733a353a2261646d696e223b6362745f6e616d617c733a31323a224163686d6164204c75746669223b6362745f6c6576656c7c733a353a2261646d696e223b6362745f6f707369317c733a303a22223b6362745f6f707369327c733a303a22223b),
('gfta20gl4hgkm7mkulm424k95bvbffo0', '::1', 1615747976, 0x5f5f63695f6c6173745f726567656e65726174657c693a313631353734373937353b69647c733a323a223138223b6362745f757365725f69647c733a353a2261646d696e223b6362745f6e616d617c733a31323a224163686d6164204c75746669223b6362745f6c6576656c7c733a353a2261646d696e223b6362745f6f707369317c733a303a22223b6362745f6f707369327c733a303a22223b7374617475737c733a313a2232223b6362745f7465735f757365725f69647c733a353a226b656e7a6f223b6362745f7465735f6e616d617c733a31333a224b656e7a6f2050726174616d61223b6362745f7465735f67726f75707c733a32303a22547279204f757420506f6c737461742053544953223b6362745f7465735f67726f75705f69647c733a313a2235223b),
('gtm5u9smfb22q0cem3jgsfbih245t3te', '::1', 1615731158, 0x5f5f63695f6c6173745f726567656e65726174657c693a313631353733313135383b6362745f7465735f757365725f69647c733a31303a2276616e696172697a6b69223b6362745f7465735f6e616d617c733a31313a2256616e69612052697a6b69223b6362745f7465735f67726f75707c733a353a225849204d4d223b6362745f7465735f67726f75705f69647c733a313a2235223b),
('hc16m42ln2nqah4tb5onf87nren2urug', '::1', 1615731856, 0x5f5f63695f6c6173745f726567656e65726174657c693a313631353733313835363b69647c733a323a223137223b6362745f757365725f69647c733a353a2261646d696e223b6362745f6e616d617c733a31323a224163686d6164204c75746669223b6362745f6c6576656c7c733a353a2261646d696e223b6362745f6f707369317c733a303a22223b6362745f6f707369327c733a303a22223b7374617475737c693a323b6362745f7465735f757365725f69647c733a363a2272616968616e223b6362745f7465735f6e616d617c733a363a2252616968616e223b6362745f7465735f67726f75707c733a353a225849204d4d223b6362745f7465735f67726f75705f69647c733a313a2235223b),
('hn4v5p15c3oqv7bu3p04rso85vfqsn9j', '::1', 1615733962, 0x5f5f63695f6c6173745f726567656e65726174657c693a313631353733333936323b69647c733a323a223138223b6362745f757365725f69647c733a353a2261646d696e223b6362745f6e616d617c733a31323a224163686d6164204c75746669223b6362745f6c6576656c7c733a353a2261646d696e223b6362745f6f707369317c733a303a22223b6362745f6f707369327c733a303a22223b7374617475737c693a323b),
('j0t7bdd8vs1ga2o9vklfrvi6vgctrr07', '::1', 1615731552, 0x5f5f63695f6c6173745f726567656e65726174657c693a313631353733313535323b69647c733a323a223137223b6362745f757365725f69647c733a353a2261646d696e223b6362745f6e616d617c733a31323a224163686d6164204c75746669223b6362745f6c6576656c7c733a353a2261646d696e223b6362745f6f707369317c733a303a22223b6362745f6f707369327c733a303a22223b7374617475737c693a323b6362745f7465735f757365725f69647c733a363a2272616968616e223b6362745f7465735f6e616d617c733a363a2252616968616e223b6362745f7465735f67726f75707c733a353a225849204d4d223b6362745f7465735f67726f75705f69647c733a313a2235223b),
('jhhsob0slktpf6ensiqusfpoqs52rllc', '::1', 1615746864, 0x5f5f63695f6c6173745f726567656e65726174657c693a313631353734363832333b6362745f757365725f69647c733a353a2261646d696e223b6362745f6e616d617c733a31323a224163686d6164204c75746669223b6362745f6c6576656c7c733a353a2261646d696e223b6362745f6f707369317c733a303a22223b6362745f6f707369327c733a303a22223b),
('jok4kiqa2lgm03lnll41o4fnkirqe9nq', '::1', 1615732234, 0x5f5f63695f6c6173745f726567656e65726174657c693a313631353733323233343b69647c733a323a223137223b6362745f757365725f69647c733a353a2261646d696e223b6362745f6e616d617c733a31323a224163686d6164204c75746669223b6362745f6c6576656c7c733a353a2261646d696e223b6362745f6f707369317c733a303a22223b6362745f6f707369327c733a303a22223b7374617475737c693a323b6362745f7465735f757365725f69647c733a363a2272616968616e223b6362745f7465735f6e616d617c733a363a2252616968616e223b6362745f7465735f67726f75707c733a353a225849204d4d223b6362745f7465735f67726f75705f69647c733a313a2235223b),
('jsba6psmate7is7e52r7pkopoo60pnjp', '::1', 1615747240, 0x5f5f63695f6c6173745f726567656e65726174657c693a313631353734373234303b69647c733a323a223138223b6362745f757365725f69647c733a353a2261646d696e223b6362745f6e616d617c733a31323a224163686d6164204c75746669223b6362745f6c6576656c7c733a353a2261646d696e223b6362745f6f707369317c733a303a22223b6362745f6f707369327c733a303a22223b7374617475737c733a313a2232223b6362745f7465735f757365725f69647c733a363a2272616968616e223b6362745f7465735f6e616d617c733a363a2252616968616e223b6362745f7465735f67726f75707c733a32303a22547279204f757420506f6c737461742053544953223b6362745f7465735f67726f75705f69647c733a313a2235223b),
('ki11r78jsn2vkdone0buf35nqnmqe4pb', '::1', 1615731640, 0x5f5f63695f6c6173745f726567656e65726174657c693a313631353733313634303b6362745f7465735f757365725f69647c733a31303a2276616e696172697a6b69223b6362745f7465735f6e616d617c733a31313a2256616e69612052697a6b69223b6362745f7465735f67726f75707c733a353a225849204d4d223b6362745f7465735f67726f75705f69647c733a313a2235223b),
('knd6q67inpurcmj0so3a7j64fuk2vmsm', '::1', 1615735119, 0x5f5f63695f6c6173745f726567656e65726174657c693a313631353733353131393b69647c733a323a223138223b6362745f757365725f69647c733a353a2261646d696e223b6362745f6e616d617c733a31323a224163686d6164204c75746669223b6362745f6c6576656c7c733a353a2261646d696e223b6362745f6f707369317c733a303a22223b6362745f6f707369327c733a303a22223b7374617475737c693a323b),
('kq0b0esjbdmd1oap4oorsa9mrm0v2hhc', '::1', 1615732685, 0x5f5f63695f6c6173745f726567656e65726174657c693a313631353733323638353b69647c733a323a223137223b6362745f757365725f69647c733a353a2261646d696e223b6362745f6e616d617c733a31323a224163686d6164204c75746669223b6362745f6c6576656c7c733a353a2261646d696e223b6362745f6f707369317c733a303a22223b6362745f6f707369327c733a303a22223b7374617475737c693a323b),
('lh7ho6igcfqblvl9808d8p1bsh8m14nl', '::1', 1615743628, 0x5f5f63695f6c6173745f726567656e65726174657c693a313631353734333632383b69647c733a323a223230223b6362745f757365725f69647c733a353a2261646d696e223b6362745f6e616d617c733a31323a224163686d6164204c75746669223b6362745f6c6576656c7c733a353a2261646d696e223b6362745f6f707369317c733a303a22223b6362745f6f707369327c733a303a22223b7374617475737c733a313a2233223b),
('m3ipld17s6698ao1tnd4hv6ps5mce5um', '::1', 1615728684, 0x5f5f63695f6c6173745f726567656e65726174657c693a313631353732383638343b),
('mt5ctkd4co0tu6sgcqo87h08sem08f4l', '::1', 1615745476, 0x5f5f63695f6c6173745f726567656e65726174657c693a313631353734353437363b69647c733a323a223230223b6362745f757365725f69647c733a353a2261646d696e223b6362745f6e616d617c733a31323a224163686d6164204c75746669223b6362745f6c6576656c7c733a353a2261646d696e223b6362745f6f707369317c733a303a22223b6362745f6f707369327c733a303a22223b7374617475737c733a313a2233223b),
('ngcip2h2050et52r0bnotv5sor997pf6', '::1', 1615043964, 0x5f5f63695f6c6173745f726567656e65726174657c693a313631353034333936343b6362745f757365725f69647c733a353a2261646d696e223b6362745f6e616d617c733a31323a224163686d6164204c75746669223b6362745f6c6576656c7c733a353a2261646d696e223b6362745f6f707369317c733a303a22223b6362745f6f707369327c733a303a22223b),
('od738ujrdlts1a8i533srd3trofe0qet', '::1', 1615043565, 0x5f5f63695f6c6173745f726567656e65726174657c693a313631353034333536353b6362745f757365725f69647c733a353a2261646d696e223b6362745f6e616d617c733a31323a224163686d6164204c75746669223b6362745f6c6576656c7c733a353a2261646d696e223b6362745f6f707369317c733a303a22223b6362745f6f707369327c733a303a22223b),
('p90gnoupmfnjc6urv58cjcsvk9shfpro', '::1', 1615731165, 0x5f5f63695f6c6173745f726567656e65726174657c693a313631353733313136353b69647c733a323a223136223b7374617475737c693a323b6362745f757365725f69647c733a353a2261646d696e223b6362745f6e616d617c733a31323a224163686d6164204c75746669223b6362745f6c6576656c7c733a353a2261646d696e223b6362745f6f707369317c733a303a22223b6362745f6f707369327c733a303a22223b),
('pcgdmuk408sugpv7mb15o7br0k946s7k', '::1', 1615745951, 0x5f5f63695f6c6173745f726567656e65726174657c693a313631353734353935313b69647c733a323a223230223b6362745f757365725f69647c733a353a2261646d696e223b6362745f6e616d617c733a31323a224163686d6164204c75746669223b6362745f6c6576656c7c733a353a2261646d696e223b6362745f6f707369317c733a303a22223b6362745f6f707369327c733a303a22223b7374617475737c733a313a2233223b),
('pfomv7eaa422v6ji05fa8ovbe1f06pmt', '::1', 1615747648, 0x5f5f63695f6c6173745f726567656e65726174657c693a313631353734373634383b69647c733a323a223138223b6362745f757365725f69647c733a353a2261646d696e223b6362745f6e616d617c733a31323a224163686d6164204c75746669223b6362745f6c6576656c7c733a353a2261646d696e223b6362745f6f707369317c733a303a22223b6362745f6f707369327c733a303a22223b7374617475737c733a313a2232223b6362745f7465735f757365725f69647c733a353a226b656e7a6f223b6362745f7465735f6e616d617c733a31333a224b656e7a6f2050726174616d61223b6362745f7465735f67726f75707c733a32303a22547279204f757420506f6c737461742053544953223b6362745f7465735f67726f75705f69647c733a313a2235223b),
('s8eg31acrng82qh3eei732nkhmb6sshb', '::1', 1615744032, 0x5f5f63695f6c6173745f726567656e65726174657c693a313631353734343032373b),
('sir82jvjmrtm2gl5506q3gkc76sd3c6b', '::1', 1615729329, 0x5f5f63695f6c6173745f726567656e65726174657c693a313631353732393332393b69647c733a323a223136223b7374617475737c693a323b6362745f757365725f69647c733a353a2261646d696e223b6362745f6e616d617c733a31323a224163686d6164204c75746669223b6362745f6c6576656c7c733a353a2261646d696e223b6362745f6f707369317c733a303a22223b6362745f6f707369327c733a303a22223b6362745f7465735f757365725f69647c733a31303a2276616e696172697a6b69223b6362745f7465735f6e616d617c733a31313a2256616e69612052697a6b69223b6362745f7465735f67726f75707c733a353a225849204d4d223b6362745f7465735f67726f75705f69647c733a313a2235223b);

-- --------------------------------------------------------

--
-- Table structure for table `cbt_soal`
--

CREATE TABLE `cbt_soal` (
  `soal_id` bigint(20) UNSIGNED NOT NULL,
  `soal_topik_id` bigint(20) UNSIGNED NOT NULL,
  `soal_detail` text COLLATE utf8_unicode_ci NOT NULL,
  `soal_tipe` smallint(3) UNSIGNED NOT NULL DEFAULT 1 COMMENT '1=Pilihan ganda, 2=essay, 3=jawaban singkat',
  `soal_kunci` text COLLATE utf8_unicode_ci DEFAULT NULL COMMENT 'Kunci untuk soal jawaban singkat',
  `soal_difficulty` smallint(6) NOT NULL DEFAULT 1,
  `soal_aktif` tinyint(1) NOT NULL DEFAULT 0,
  `soal_audio` varchar(200) COLLATE utf8_unicode_ci DEFAULT NULL,
  `soal_audio_play` int(11) NOT NULL DEFAULT 0,
  `soal_timer` smallint(10) DEFAULT NULL,
  `soal_inline_answers` tinyint(1) NOT NULL DEFAULT 0,
  `soal_auto_next` tinyint(1) NOT NULL DEFAULT 0
) ENGINE=InnoDB DEFAULT CHARSET=utf8 COLLATE=utf8_unicode_ci;

--
-- Dumping data for table `cbt_soal`
--

INSERT INTO `cbt_soal` (`soal_id`, `soal_topik_id`, `soal_detail`, `soal_tipe`, `soal_kunci`, `soal_difficulty`, `soal_aktif`, `soal_audio`, `soal_audio_play`, `soal_timer`, `soal_inline_answers`, `soal_auto_next`) VALUES
(53, 7, 'Apakah kepanjangan dari SMK ?', 1, NULL, 1, 1, NULL, 1, NULL, 0, 0),
(54, 7, '<p>Nama salah satu Mall yang ada di kota genteng adalah ...<br></p>', 1, NULL, 1, 1, NULL, 1, NULL, 0, 0),
(55, 7, '<p>Siapakah nama tokoh berikut ?</p><p><img src=\"[base_url]uploads/topik_7/soekarno.jpg\" style=\"max-width: 600px;\"><br></p>', 1, NULL, 1, 1, NULL, 1, NULL, 0, 0),
(56, 7, '<p>Siapakah vokalis band NOAH ?<br></p>', 1, NULL, 1, 1, NULL, 1, NULL, 0, 0),
(57, 7, '<p>Tanggal berapakah hari raya Idul Fitri ?</p>\r\n', 1, NULL, 1, 1, NULL, 1, NULL, 0, 0),
(61, 7, 'Jelaskan apa yang dimaksud dengan Jomblo ?', 2, NULL, 1, 1, NULL, 1, NULL, 0, 0),
(62, 7, '<p>PT. Tiar Perkasa ingin melebarkan sayap usaha di bidang kuliner.</p><p>Dari pernyataan tersebut, sebutkan siapa kekasih mas Tiar ?</p>', 2, NULL, 1, 1, NULL, 1, NULL, 0, 0),
(63, 7, '<p>Jelaskan kenapa Liverpool FC susah sekali untuk juara Premiere Leage !</p>\r\n', 2, NULL, 1, 1, NULL, 1, NULL, 0, 0),
(64, 7, '<p>Apakah judul lagu berikut ini?</p>', 1, NULL, 1, 1, 'naff_-_akhirnya_ku_menemukanmu.mp3', 1, NULL, 0, 0),
(161, 7, '<p>Jelaskan arti poster dibawah ini ?</p>\r\n\r\n<p><img src=\"[base_url]uploads/topik_7/5a49b252e7aea.jpeg\" style=\"height:283px; width:300px\" /></p>\r\n', 1, NULL, 1, 1, NULL, 0, NULL, 0, 0),
(214, 7, '<p>Berapakah 5x10 ?</p>\r\n', 3, '50', 1, 1, NULL, 0, NULL, 0, 0);

-- --------------------------------------------------------

--
-- Table structure for table `cbt_tes`
--

CREATE TABLE `cbt_tes` (
  `tes_id` bigint(20) UNSIGNED NOT NULL,
  `tes_nama` varchar(255) COLLATE utf8_unicode_ci NOT NULL,
  `tes_detail` text COLLATE utf8_unicode_ci NOT NULL,
  `tes_begin_time` datetime DEFAULT NULL,
  `tes_end_time` datetime DEFAULT NULL,
  `tes_duration_time` smallint(10) UNSIGNED NOT NULL DEFAULT 0,
  `tes_ip_range` varchar(255) COLLATE utf8_unicode_ci NOT NULL DEFAULT '*.*.*.*',
  `tes_results_to_users` tinyint(1) NOT NULL DEFAULT 0,
  `tes_detail_to_users` tinyint(1) NOT NULL DEFAULT 0,
  `tes_score_right` decimal(10,2) DEFAULT 1.00,
  `tes_score_wrong` decimal(10,2) DEFAULT 0.00,
  `tes_score_unanswered` decimal(10,2) DEFAULT 0.00,
  `tes_max_score` decimal(10,2) NOT NULL DEFAULT 0.00,
  `tes_token` tinyint(1) DEFAULT 0
) ENGINE=InnoDB DEFAULT CHARSET=utf8 COLLATE=utf8_unicode_ci;

--
-- Dumping data for table `cbt_tes`
--

INSERT INTO `cbt_tes` (`tes_id`, `tes_nama`, `tes_detail`, `tes_begin_time`, `tes_end_time`, `tes_duration_time`, `tes_ip_range`, `tes_results_to_users`, `tes_detail_to_users`, `tes_score_right`, `tes_score_wrong`, `tes_score_unanswered`, `tes_max_score`, `tes_token`) VALUES
(5, 'Tes Uji Coba', 'Tes Uji Coba', '2020-09-06 17:03:00', '2021-05-08 17:03:00', 30, '*.*.*.*', 1, 0, '1.00', '0.00', '0.00', '10.00', 0);

-- --------------------------------------------------------

--
-- Table structure for table `cbt_tesgrup`
--

CREATE TABLE `cbt_tesgrup` (
  `tstgrp_tes_id` bigint(20) UNSIGNED NOT NULL,
  `tstgrp_grup_id` bigint(20) UNSIGNED NOT NULL
) ENGINE=InnoDB DEFAULT CHARSET=utf8 COLLATE=utf8_unicode_ci;

--
-- Dumping data for table `cbt_tesgrup`
--

INSERT INTO `cbt_tesgrup` (`tstgrp_tes_id`, `tstgrp_grup_id`) VALUES
(5, 5);

-- --------------------------------------------------------

--
-- Table structure for table `cbt_tes_soal`
--

CREATE TABLE `cbt_tes_soal` (
  `tessoal_id` bigint(20) UNSIGNED NOT NULL,
  `tessoal_tesuser_id` bigint(20) UNSIGNED NOT NULL,
  `tessoal_user_ip` varchar(39) COLLATE utf8_unicode_ci DEFAULT NULL,
  `tessoal_soal_id` bigint(20) UNSIGNED NOT NULL,
  `tessoal_jawaban_text` text COLLATE utf8_unicode_ci DEFAULT NULL,
  `tessoal_nilai` decimal(10,2) DEFAULT NULL,
  `tessoal_creation_time` datetime DEFAULT NULL,
  `tessoal_display_time` datetime DEFAULT NULL,
  `tessoal_change_time` datetime DEFAULT NULL,
  `tessoal_reaction_time` bigint(20) UNSIGNED NOT NULL DEFAULT 0,
  `tessoal_ragu` int(1) NOT NULL DEFAULT 0 COMMENT '1=ragu, 0=tidak ragu',
  `tessoal_order` smallint(6) NOT NULL DEFAULT 1,
  `tessoal_num_answers` smallint(5) UNSIGNED NOT NULL DEFAULT 0,
  `tessoal_comment` text COLLATE utf8_unicode_ci DEFAULT NULL,
  `tessoal_audio_play` int(11) NOT NULL DEFAULT 0
) ENGINE=InnoDB DEFAULT CHARSET=utf8 COLLATE=utf8_unicode_ci;

--
-- Dumping data for table `cbt_tes_soal`
--

INSERT INTO `cbt_tes_soal` (`tessoal_id`, `tessoal_tesuser_id`, `tessoal_user_ip`, `tessoal_soal_id`, `tessoal_jawaban_text`, `tessoal_nilai`, `tessoal_creation_time`, `tessoal_display_time`, `tessoal_change_time`, `tessoal_reaction_time`, `tessoal_ragu`, `tessoal_order`, `tessoal_num_answers`, `tessoal_comment`, `tessoal_audio_play`) VALUES
(41, 5, NULL, 161, NULL, '0.00', '2021-03-14 20:42:35', '2021-03-14 20:49:44', '2021-03-14 20:42:48', 0, 0, 1, 0, NULL, 0),
(42, 5, NULL, 55, NULL, '0.00', '2021-03-14 20:42:35', '2021-03-14 20:49:47', NULL, 0, 1, 2, 0, NULL, 0),
(43, 5, NULL, 53, NULL, '0.00', '2021-03-14 20:42:35', '2021-03-14 20:49:52', NULL, 0, 0, 3, 0, NULL, 0),
(44, 5, NULL, 57, NULL, '0.00', '2021-03-14 20:42:35', '2021-03-14 20:50:00', NULL, 0, 0, 4, 0, NULL, 0),
(45, 5, NULL, 62, NULL, '0.00', '2021-03-14 20:42:35', '2021-03-14 20:50:01', NULL, 0, 0, 5, 0, NULL, 0),
(46, 5, NULL, 64, NULL, '0.00', '2021-03-14 20:42:35', '2021-03-14 20:52:09', '2021-03-14 20:53:09', 0, 0, 6, 0, NULL, 1),
(47, 5, NULL, 214, NULL, '0.00', '2021-03-14 20:42:35', '2021-03-14 20:51:56', NULL, 0, 0, 7, 0, NULL, 0),
(48, 5, NULL, 56, NULL, '0.00', '2021-03-14 20:42:35', '2021-03-14 20:51:55', NULL, 0, 0, 8, 0, NULL, 0),
(49, 5, NULL, 61, NULL, '0.00', '2021-03-14 20:42:35', '2021-03-14 20:51:53', NULL, 0, 0, 9, 0, NULL, 0),
(50, 5, NULL, 54, NULL, '0.00', '2021-03-14 20:42:35', '2021-03-14 20:51:49', NULL, 0, 0, 10, 0, NULL, 0),
(51, 6, NULL, 63, NULL, '0.00', '2021-03-14 21:19:29', '2021-03-14 21:28:41', NULL, 0, 0, 1, 0, NULL, 0),
(52, 6, NULL, 53, NULL, '0.00', '2021-03-14 21:19:29', '2021-03-14 21:21:43', '2021-03-14 21:21:45', 0, 0, 2, 0, NULL, 0),
(53, 6, NULL, 61, NULL, '0.00', '2021-03-14 21:19:29', '2021-03-14 21:28:39', NULL, 0, 0, 3, 0, NULL, 0),
(54, 6, NULL, 55, NULL, '0.00', '2021-03-14 21:19:29', '2021-03-14 21:23:51', NULL, 0, 0, 4, 0, NULL, 0),
(55, 6, NULL, 56, NULL, '0.00', '2021-03-14 21:19:29', NULL, NULL, 0, 0, 5, 0, NULL, 0),
(56, 6, NULL, 57, NULL, '0.00', '2021-03-14 21:19:29', '2021-03-14 21:23:52', NULL, 0, 0, 6, 0, NULL, 0),
(57, 6, NULL, 161, NULL, '0.00', '2021-03-14 21:19:29', NULL, NULL, 0, 0, 7, 0, NULL, 0),
(58, 6, NULL, 64, NULL, '0.00', '2021-03-14 21:19:29', NULL, NULL, 0, 0, 8, 0, NULL, 0),
(59, 6, NULL, 54, NULL, '0.00', '2021-03-14 21:19:29', NULL, NULL, 0, 0, 9, 0, NULL, 0),
(60, 6, NULL, 62, NULL, '0.00', '2021-03-14 21:19:29', NULL, NULL, 0, 0, 10, 0, NULL, 0),
(61, 7, NULL, 53, NULL, '1.00', '2021-03-15 01:44:01', '2021-03-15 01:47:28', '2021-03-15 01:44:09', 0, 0, 1, 0, NULL, 0),
(62, 7, NULL, 54, NULL, '1.00', '2021-03-15 01:44:01', '2021-03-15 01:44:20', '2021-03-15 01:44:30', 0, 0, 2, 0, NULL, 0),
(63, 7, NULL, 64, NULL, '0.00', '2021-03-15 01:44:01', '2021-03-15 01:44:35', NULL, 0, 1, 3, 0, NULL, 0),
(64, 7, NULL, 161, NULL, '1.00', '2021-03-15 01:44:01', '2021-03-15 01:45:03', '2021-03-15 01:45:10', 0, 0, 4, 0, NULL, 0),
(65, 7, NULL, 63, NULL, '0.00', '2021-03-15 01:44:01', '2021-03-15 01:45:50', NULL, 0, 0, 5, 0, NULL, 0),
(66, 7, NULL, 61, NULL, '0.00', '2021-03-15 01:44:01', '2021-03-15 01:47:31', NULL, 0, 0, 6, 0, NULL, 0),
(67, 7, NULL, 56, NULL, '0.00', '2021-03-15 01:44:01', '2021-03-15 01:46:01', NULL, 0, 0, 7, 0, NULL, 0),
(68, 7, NULL, 214, '50', '1.00', '2021-03-15 01:44:01', '2021-03-15 01:47:34', '2021-03-15 01:45:25', 0, 0, 8, 0, NULL, 0),
(69, 7, NULL, 55, NULL, '0.00', '2021-03-15 01:44:01', '2021-03-15 01:45:53', NULL, 0, 0, 9, 0, NULL, 0),
(70, 7, NULL, 57, NULL, '0.00', '2021-03-15 01:44:01', '2021-03-15 01:45:57', NULL, 0, 0, 10, 0, NULL, 0);

-- --------------------------------------------------------

--
-- Table structure for table `cbt_tes_soal_jawaban`
--

CREATE TABLE `cbt_tes_soal_jawaban` (
  `soaljawaban_tessoal_id` bigint(20) UNSIGNED NOT NULL,
  `soaljawaban_jawaban_id` bigint(20) UNSIGNED NOT NULL,
  `soaljawaban_selected` smallint(6) NOT NULL DEFAULT -1,
  `soaljawaban_order` smallint(6) NOT NULL DEFAULT 1,
  `soaljawaban_position` bigint(20) UNSIGNED DEFAULT NULL
) ENGINE=InnoDB DEFAULT CHARSET=utf8 COLLATE=utf8_unicode_ci;

--
-- Dumping data for table `cbt_tes_soal_jawaban`
--

INSERT INTO `cbt_tes_soal_jawaban` (`soaljawaban_tessoal_id`, `soaljawaban_jawaban_id`, `soaljawaban_selected`, `soaljawaban_order`, `soaljawaban_position`) VALUES
(41, 621, 0, 1, NULL),
(41, 622, 0, 3, NULL),
(41, 623, 0, 4, NULL),
(41, 624, 0, 5, NULL),
(41, 625, 1, 2, NULL),
(42, 196, 0, 5, NULL),
(42, 197, 0, 4, NULL),
(42, 198, 0, 2, NULL),
(42, 199, 0, 1, NULL),
(42, 200, 0, 3, NULL),
(43, 206, 0, 3, NULL),
(43, 207, 0, 5, NULL),
(43, 208, 0, 1, NULL),
(43, 209, 0, 4, NULL),
(43, 210, 0, 2, NULL),
(44, 186, 0, 1, NULL),
(44, 187, 0, 3, NULL),
(44, 188, 0, 5, NULL),
(44, 189, 0, 4, NULL),
(44, 190, 0, 2, NULL),
(46, 211, 0, 2, NULL),
(46, 212, 1, 1, NULL),
(46, 213, 0, 4, NULL),
(46, 214, 0, 3, NULL),
(46, 215, 0, 5, NULL),
(48, 191, 0, 1, NULL),
(48, 192, 0, 2, NULL),
(48, 193, 0, 3, NULL),
(48, 194, 0, 4, NULL),
(48, 195, 0, 5, NULL),
(50, 201, 0, 4, NULL),
(50, 202, 0, 5, NULL),
(50, 203, 0, 2, NULL),
(50, 204, 0, 3, NULL),
(50, 205, 0, 1, NULL),
(52, 206, 0, 5, NULL),
(52, 207, 0, 1, NULL),
(52, 208, 1, 2, NULL),
(52, 209, 0, 3, NULL),
(52, 210, 0, 4, NULL),
(54, 196, 0, 2, NULL),
(54, 197, 0, 4, NULL),
(54, 198, 0, 1, NULL),
(54, 199, 0, 3, NULL),
(54, 200, 0, 5, NULL),
(55, 191, 0, 4, NULL),
(55, 192, 0, 3, NULL),
(55, 193, 0, 2, NULL),
(55, 194, 0, 1, NULL),
(55, 195, 0, 5, NULL),
(56, 186, 0, 5, NULL),
(56, 187, 0, 1, NULL),
(56, 188, 0, 2, NULL),
(56, 189, 0, 4, NULL),
(56, 190, 0, 3, NULL),
(57, 621, 0, 4, NULL),
(57, 622, 0, 1, NULL),
(57, 623, 0, 5, NULL),
(57, 624, 0, 2, NULL),
(57, 625, 0, 3, NULL),
(58, 211, 0, 1, NULL),
(58, 212, 0, 4, NULL),
(58, 213, 0, 5, NULL),
(58, 214, 0, 3, NULL),
(58, 215, 0, 2, NULL),
(59, 201, 0, 2, NULL),
(59, 202, 0, 5, NULL),
(59, 203, 0, 1, NULL),
(59, 204, 0, 4, NULL),
(59, 205, 0, 3, NULL),
(61, 206, 1, 2, NULL),
(61, 207, 0, 1, NULL),
(61, 208, 0, 3, NULL),
(61, 209, 0, 4, NULL),
(61, 210, 0, 5, NULL),
(62, 201, 1, 1, NULL),
(62, 202, 0, 3, NULL),
(62, 203, 0, 5, NULL),
(62, 204, 0, 4, NULL),
(62, 205, 0, 2, NULL),
(63, 211, 0, 3, NULL),
(63, 212, 0, 5, NULL),
(63, 213, 0, 2, NULL),
(63, 214, 0, 1, NULL),
(63, 215, 0, 4, NULL),
(64, 621, 1, 1, NULL),
(64, 622, 0, 2, NULL),
(64, 623, 0, 3, NULL),
(64, 624, 0, 4, NULL),
(64, 625, 0, 5, NULL),
(67, 191, 0, 4, NULL),
(67, 192, 0, 3, NULL),
(67, 193, 0, 1, NULL),
(67, 194, 0, 5, NULL),
(67, 195, 0, 2, NULL),
(69, 196, 0, 4, NULL),
(69, 197, 0, 2, NULL),
(69, 198, 0, 1, NULL),
(69, 199, 0, 3, NULL),
(69, 200, 0, 5, NULL),
(70, 186, 0, 2, NULL),
(70, 187, 0, 1, NULL),
(70, 188, 0, 5, NULL),
(70, 189, 0, 3, NULL),
(70, 190, 0, 4, NULL);

-- --------------------------------------------------------

--
-- Table structure for table `cbt_tes_token`
--

CREATE TABLE `cbt_tes_token` (
  `token_id` int(11) NOT NULL,
  `token_isi` varchar(20) NOT NULL,
  `token_user_id` int(11) NOT NULL,
  `token_ts` timestamp NOT NULL DEFAULT current_timestamp(),
  `token_aktif` int(11) NOT NULL DEFAULT 1 COMMENT 'Umur Token dalam menit, 1 = 1 hari penuh',
  `token_tes_id` bigint(20) NOT NULL DEFAULT 0
) ENGINE=InnoDB DEFAULT CHARSET=latin1;

--
-- Dumping data for table `cbt_tes_token`
--

INSERT INTO `cbt_tes_token` (`token_id`, `token_isi`, `token_user_id`, `token_ts`, `token_aktif`, `token_tes_id`) VALUES
(12, '299403', 5, '2019-12-12 02:53:22', 1, 0);

-- --------------------------------------------------------

--
-- Table structure for table `cbt_tes_topik_set`
--

CREATE TABLE `cbt_tes_topik_set` (
  `tset_id` bigint(20) UNSIGNED NOT NULL,
  `tset_tes_id` bigint(20) UNSIGNED NOT NULL,
  `tset_topik_id` bigint(20) UNSIGNED NOT NULL,
  `tset_tipe` smallint(6) NOT NULL DEFAULT 1,
  `tset_difficulty` smallint(6) NOT NULL DEFAULT 1,
  `tset_jumlah` smallint(6) NOT NULL DEFAULT 1,
  `tset_jawaban` smallint(6) NOT NULL DEFAULT 0,
  `tset_acak_jawaban` int(11) NOT NULL DEFAULT 1,
  `tset_acak_soal` int(11) NOT NULL DEFAULT 1
) ENGINE=InnoDB DEFAULT CHARSET=utf8 COLLATE=utf8_unicode_ci;

--
-- Dumping data for table `cbt_tes_topik_set`
--

INSERT INTO `cbt_tes_topik_set` (`tset_id`, `tset_tes_id`, `tset_topik_id`, `tset_tipe`, `tset_difficulty`, `tset_jumlah`, `tset_jawaban`, `tset_acak_jawaban`, `tset_acak_soal`) VALUES
(5, 5, 7, 0, 1, 10, 5, 1, 1);

-- --------------------------------------------------------

--
-- Table structure for table `cbt_tes_user`
--

CREATE TABLE `cbt_tes_user` (
  `tesuser_id` bigint(20) UNSIGNED NOT NULL,
  `tesuser_tes_id` bigint(20) UNSIGNED NOT NULL,
  `tesuser_user_id` bigint(20) UNSIGNED NOT NULL,
  `tesuser_status` smallint(5) UNSIGNED NOT NULL DEFAULT 0,
  `tesuser_creation_time` datetime NOT NULL,
  `tesuser_comment` text COLLATE utf8_unicode_ci DEFAULT NULL,
  `tesuser_token` varchar(10) COLLATE utf8_unicode_ci DEFAULT NULL
) ENGINE=InnoDB DEFAULT CHARSET=utf8 COLLATE=utf8_unicode_ci;

--
-- Dumping data for table `cbt_tes_user`
--

INSERT INTO `cbt_tes_user` (`tesuser_id`, `tesuser_tes_id`, `tesuser_user_id`, `tesuser_status`, `tesuser_creation_time`, `tesuser_comment`, `tesuser_token`) VALUES
(5, 5, 16, 4, '2021-03-21 19:22:35', NULL, NULL),
(6, 5, 17, 4, '2021-03-14 21:19:29', NULL, NULL),
(7, 5, 21, 4, '2021-03-15 01:44:01', NULL, NULL);

-- --------------------------------------------------------

--
-- Table structure for table `cbt_topik`
--

CREATE TABLE `cbt_topik` (
  `topik_id` bigint(20) UNSIGNED NOT NULL,
  `topik_modul_id` bigint(20) UNSIGNED NOT NULL DEFAULT 1,
  `topik_nama` varchar(255) COLLATE utf8_unicode_ci NOT NULL,
  `topik_detail` text COLLATE utf8_unicode_ci DEFAULT NULL,
  `topik_aktif` tinyint(1) NOT NULL DEFAULT 0
) ENGINE=InnoDB DEFAULT CHARSET=utf8 COLLATE=utf8_unicode_ci;

--
-- Dumping data for table `cbt_topik`
--

INSERT INTO `cbt_topik` (`topik_id`, `topik_modul_id`, `topik_nama`, `topik_detail`, `topik_aktif`) VALUES
(7, 9, 'Soal Uji Coba', 'Kumpulan Soal untuk Uji Coba ', 1),
(8, 9, 'Testing', 'testing', 1);

-- --------------------------------------------------------

--
-- Table structure for table `cbt_user`
--

CREATE TABLE `cbt_user` (
  `user_id` bigint(20) UNSIGNED NOT NULL,
  `user_grup_id` bigint(20) UNSIGNED NOT NULL,
  `user_name` varchar(255) COLLATE utf8_unicode_ci NOT NULL,
  `user_password` varchar(255) COLLATE utf8_unicode_ci NOT NULL,
  `user_email` varchar(255) COLLATE utf8_unicode_ci DEFAULT NULL,
  `user_regdate` timestamp NOT NULL DEFAULT current_timestamp(),
  `user_ip` varchar(39) COLLATE utf8_unicode_ci DEFAULT NULL,
  `user_firstname` varchar(255) COLLATE utf8_unicode_ci DEFAULT NULL,
  `user_birthdate` date DEFAULT NULL,
  `user_birthplace` varchar(255) COLLATE utf8_unicode_ci DEFAULT NULL,
  `user_level` smallint(3) UNSIGNED NOT NULL DEFAULT 1,
  `user_detail` varchar(25) COLLATE utf8_unicode_ci DEFAULT NULL,
  `phone` varchar(15) COLLATE utf8_unicode_ci NOT NULL,
  `address` varchar(255) COLLATE utf8_unicode_ci NOT NULL,
  `email` varchar(255) COLLATE utf8_unicode_ci NOT NULL,
  `status` int(2) NOT NULL,
  `bukti` varchar(255) COLLATE utf8_unicode_ci NOT NULL,
  `asal_sma` varchar(50) COLLATE utf8_unicode_ci NOT NULL
) ENGINE=InnoDB DEFAULT CHARSET=utf8 COLLATE=utf8_unicode_ci;

--
-- Dumping data for table `cbt_user`
--

INSERT INTO `cbt_user` (`user_id`, `user_grup_id`, `user_name`, `user_password`, `user_email`, `user_regdate`, `user_ip`, `user_firstname`, `user_birthdate`, `user_birthplace`, `user_level`, `user_detail`, `phone`, `address`, `email`, `status`, `bukti`, `asal_sma`) VALUES
(8, 5, 'ais', 'ais', 'asd@dasa.adsad', '2021-03-06 06:19:45', NULL, 'ais', NULL, NULL, 1, NULL, '019291821', '', '', 3, 'ce55ed2adfef9f7461affbdfb2d11a7d.jpg', ''),
(9, 5, 'sul', 'sul', 'sdaas@das.sdsa', '2021-03-06 07:26:25', NULL, 'sul', NULL, NULL, 1, NULL, '0912121212', '', '', 3, 'a86dce7aa5a0b63d36ab8554177b29f3.png', ''),
(13, 5, 'vania', 'vania', 'vania@stis.ac.id', '2021-03-06 15:21:36', NULL, 'vania', NULL, NULL, 1, NULL, '0123210391', 'sdaasdas', '', 3, 'd54bb863dbac2b1f871620babb7c6dce.jpg', 'jateng'),
(14, 5, 'erik', 'erik', 'erik@gmail.com', '2021-03-06 15:23:56', NULL, 'erik', NULL, NULL, 1, NULL, '0812126126', 'mojosari', '', 1, '9963f7ad4d859742f6c0b7c8136149c6.jpg', 'soko'),
(15, 5, 'raka', 'raka', 'rakamho@gmail.com', '2021-03-06 15:28:29', NULL, 'raka gantent', NULL, NULL, 1, NULL, '09876543', 'jateng', '', 3, 'a4db944f7cc161d1050f27ab4a21cf69.jpg', 'solo'),
(16, 5, 'vaniarizki', '$2y$10$2jajQ8yBOqPgYMh/GMK9iu8dv.8WYd8KNRxJGxuqrilrKmnOvlh32', 'vaniaoktaviasari@gmail.com', '2021-03-14 13:28:08', NULL, 'Vania Rizki', NULL, NULL, 1, NULL, '6281287651793', 'Kendal', '', 1, 'e1db4c6d4ff30fc1d3f9ee0569d42948.jpg', 'SMA 3'),
(17, 5, 'raihan', '$2y$10$m1PZ0zZn.sEJTxAz232xl.xn5Hk5uhdk.OP0W7tfSgMGrRkQ7.Xue', 'raihan@gmail.com', '2021-03-14 13:31:25', NULL, 'Raihan', NULL, NULL, 1, NULL, '0812836352', 'Kendal', '', 1, 'd795399ef895a94354bd55a676991763.jpg', 'SMA 1'),
(18, 5, 'fadil', '$2y$10$f3Hm3P7LF/8ojx.wIKZ3lOMNk4U2CQ7QcE79gLwbmwhPC8R0Xmr9K', 'fadil@fadil.com', '2021-03-14 14:38:40', NULL, 'fadil fadil', NULL, NULL, 1, NULL, '02827223', 'fadil', '', 2, 'b6555bc9872648df45ca98905207c0af.jpeg', 'SMA fadil'),
(19, 5, 'zikri', '123zikri', 'zzzzzz@zzzz.com', '2021-03-14 15:21:05', NULL, 'Zikri', NULL, NULL, 1, NULL, '876545678765', 'jalan yang benar', '', 0, '', 'sma baikbaik'),
(20, 5, 'arina', '$2y$10$nZiGnOct2/5eEfBqhN9.FexVk4EMKzG15Ol1jsuw3c4Luv7zXoDye', 'arina@gmail.com', '2021-03-14 16:03:26', NULL, 'Arina Mana Sikana', NULL, NULL, 1, NULL, '08123938484', 'Madura', '', 3, '', 'SMA Madura'),
(21, 5, 'kenzo', '$2y$10$T14ItrJKqN.0inIfKZdv2OWO4z4emjHkK82sUIvnUpTQdJumzYGIO', 'kenzo@gmail.com', '2021-03-14 18:21:49', NULL, 'Kenzo Pratama', NULL, NULL, 1, NULL, '081287654321', 'Jakarta Timur', '', 1, '0b2e6744b6291b5abf461f9d1ea7cc2a.png', 'SMA 1 Otista'),
(22, 5, 'diana', 'diana', 'diana@email.com', '2021-03-14 18:52:56', NULL, 'Diana Marisa', NULL, NULL, 1, NULL, '6281273892', 'Semarang', '', 0, '', 'SMA Harapan'),
(23, 5, 'putri', 'putri', 'adinda@gmail.com', '2021-03-14 18:52:56', NULL, 'Putri Adinda', NULL, NULL, 1, NULL, '628673839', 'Pemalang', '', 0, '', 'SMA Pelita');

-- --------------------------------------------------------

--
-- Table structure for table `cbt_user_grup`
--

CREATE TABLE `cbt_user_grup` (
  `grup_id` bigint(20) UNSIGNED NOT NULL,
  `grup_nama` varchar(255) COLLATE utf8_unicode_ci NOT NULL
) ENGINE=InnoDB DEFAULT CHARSET=utf8 COLLATE=utf8_unicode_ci;

--
-- Dumping data for table `cbt_user_grup`
--

INSERT INTO `cbt_user_grup` (`grup_id`, `grup_nama`) VALUES
(5, 'Try Out Polstat STIS');

-- --------------------------------------------------------

--
-- Table structure for table `user`
--

CREATE TABLE `user` (
  `id` int(11) NOT NULL,
  `username` varchar(100) NOT NULL,
  `password` varchar(255) NOT NULL,
  `nama` varchar(150) NOT NULL,
  `opsi1` varchar(75) NOT NULL,
  `opsi2` varchar(75) NOT NULL,
  `keterangan` varchar(150) NOT NULL,
  `level` varchar(50) NOT NULL,
  `ts` timestamp NOT NULL DEFAULT current_timestamp()
) ENGINE=InnoDB DEFAULT CHARSET=latin1;

--
-- Dumping data for table `user`
--

INSERT INTO `user` (`id`, `username`, `password`, `nama`, `opsi1`, `opsi2`, `keterangan`, `level`, `ts`) VALUES
(1, 'admin', 'd033e22ae348aeb5660fc2140aec35850c4da997', 'Achmad Lutfi', '', '', '', 'admin', '2015-07-29 18:12:03'),
(4, 'operator', 'fe96dd39756ac41b74283a9292652d366d73931f', 'Operator', '', '', 'Operator', 'operator-soal', '2018-03-30 12:58:55'),
(5, 'joko', '97c358728f7f947c9a279ba9be88308395c7cc3a', 'Joko', '', '', 'Haloo', 'admin', '2019-12-12 02:53:12');

-- --------------------------------------------------------

--
-- Table structure for table `user_akses`
--

CREATE TABLE `user_akses` (
  `id` int(11) NOT NULL,
  `level` varchar(75) NOT NULL,
  `kode_menu` varchar(50) NOT NULL,
  `add` int(2) NOT NULL DEFAULT 1 COMMENT '0=false, 1=true',
  `edit` int(2) NOT NULL DEFAULT 1 COMMENT '0=false, 1=true'
) ENGINE=InnoDB DEFAULT CHARSET=latin1;

--
-- Dumping data for table `user_akses`
--

INSERT INTO `user_akses` (`id`, `level`, `kode_menu`, `add`, `edit`) VALUES
(254, 'operator-soal', 'modul-daftar', 1, 1),
(255, 'operator-soal', 'modul-filemanager', 1, 1),
(256, 'operator-soal', 'modul-import', 1, 1),
(257, 'operator-soal', 'modul-soal', 1, 1),
(258, 'operator-soal', 'modul-topik', 1, 1),
(259, 'operator-tes', 'tes-hasil-operator', 1, 1),
(260, 'operator-tes', 'tes-token', 1, 1),
(481, 'admin', 'laporan-analisis-butir-soal', 1, 1),
(482, 'admin', 'peserta-kartu', 1, 1),
(483, 'admin', 'peserta-group', 1, 1),
(484, 'admin', 'peserta-daftar', 1, 1),
(485, 'admin', 'modul-daftar', 1, 1),
(486, 'admin', 'tes-daftar', 1, 1),
(487, 'admin', 'tool-backup', 1, 1),
(488, 'admin', 'tes-evaluasi', 1, 1),
(489, 'admin', 'tool-exportimport-soal', 1, 1),
(490, 'admin', 'modul-filemanager', 1, 1),
(491, 'admin', 'tes-hasil', 1, 1),
(492, 'admin', 'peserta-import', 1, 1),
(493, 'admin', 'modul-import', 1, 1),
(494, 'admin', 'modul-import-word', 1, 1),
(496, 'admin', 'user_level', 1, 1),
(497, 'admin', 'user_menu', 1, 1),
(498, 'admin', 'user_atur', 1, 1),
(499, 'admin', 'user-zyacbt', 1, 1),
(500, 'admin', 'laporan-rekap', 1, 1),
(501, 'admin', 'modul-soal', 1, 1),
(502, 'admin', 'tes-tambah', 1, 1),
(503, 'admin', 'tes-token', 1, 1),
(504, 'admin', 'modul-topik', 1, 1),
(505, 'admin', 'peserta-konfirmasi', 1, 1);

-- --------------------------------------------------------

--
-- Table structure for table `user_level`
--

CREATE TABLE `user_level` (
  `id` int(11) NOT NULL,
  `level` varchar(50) NOT NULL,
  `keterangan` varchar(100) DEFAULT NULL
) ENGINE=InnoDB DEFAULT CHARSET=latin1;

--
-- Dumping data for table `user_level`
--

INSERT INTO `user_level` (`id`, `level`, `keterangan`) VALUES
(1, 'admin', 'Administrator'),
(7, 'operator-soal', 'Operator Soal'),
(8, 'operator-tes', 'Operator Tes');

-- --------------------------------------------------------

--
-- Table structure for table `user_log`
--

CREATE TABLE `user_log` (
  `id` int(11) NOT NULL,
  `username` varchar(100) NOT NULL,
  `log` varchar(250) NOT NULL,
  `ts` timestamp NOT NULL DEFAULT current_timestamp()
) ENGINE=InnoDB DEFAULT CHARSET=latin1;

-- --------------------------------------------------------

--
-- Table structure for table `user_menu`
--

CREATE TABLE `user_menu` (
  `id` int(11) NOT NULL,
  `tipe` int(11) NOT NULL DEFAULT 1 COMMENT '0=parent, 1=child',
  `parent` varchar(50) DEFAULT NULL,
  `kode_menu` varchar(50) NOT NULL,
  `nama_menu` varchar(100) NOT NULL,
  `url` varchar(150) NOT NULL DEFAULT '#',
  `icon` varchar(75) NOT NULL DEFAULT 'fa fa-circle-o',
  `urutan` int(11) NOT NULL
) ENGINE=InnoDB DEFAULT CHARSET=latin1;

--
-- Dumping data for table `user_menu`
--

INSERT INTO `user_menu` (`id`, `tipe`, `parent`, `kode_menu`, `nama_menu`, `url`, `icon`, `urutan`) VALUES
(1, 0, '', 'user', 'Pengaturan', '#', 'fa fa-user', 20),
(3, 1, 'user', 'user_atur', 'Pengaturan User', 'manager/useratur', 'fa fa-circle-o', 5),
(4, 1, 'user', 'user_level', 'Pengaturan Level', 'manager/userlevel', 'fa fa-circle-o', 6),
(5, 1, 'user', 'user_menu', 'Pengaturan Menu', 'manager/usermenu', 'fa fa-circle-o', 7),
(6, 0, '', 'modul', 'Data Modul', '#', 'fa fa-book', 2),
(7, 1, 'modul', 'modul-daftar', 'Daftar Soal', 'manager/modul_daftar', 'fa fa-circle-o', 5),
(8, 1, 'modul', 'modul-topik', 'Topik', 'manager/modul_topik', 'fa fa-circle-o', 2),
(10, 0, '', 'peserta', 'Data Peserta', '#', 'fa fa-users', 3),
(11, 1, 'peserta', 'peserta-daftar', 'Daftar Peserta', 'manager/peserta_daftar', 'fa fa-circle-o', 2),
(12, 1, 'peserta', 'peserta-group', 'Daftar Group', 'manager/peserta_group', 'fa fa-circle-o', 1),
(13, 1, 'peserta', 'peserta-import', 'Import Data Peserta', 'manager/peserta_import', 'fa fa-circle-o', 3),
(14, 0, '', 'tes', 'Data Tes', '#', 'fa fa-tasks', 4),
(15, 1, 'tes', 'tes-tambah', 'Tambah Tes', 'manager/tes_tambah', 'fa fa-circle-o', 1),
(16, 1, 'tes', 'tes-daftar', 'Daftar Tes', 'manager/tes_daftar', 'fa fa-circle-o', 2),
(17, 1, 'tes', 'tes-hasil', 'Hasil Tes', 'manager/tes_hasil', 'fa fa-circle-o', 6),
(18, 1, 'modul', 'modul-soal', 'Soal', 'manager/modul_soal', 'fa fa-circle-o', 3),
(19, 1, 'tes', 'tes-token', 'Token', 'manager/tes_token', 'fa fa-circle-o', 8),
(22, 1, 'modul', 'modul-filemanager', 'File Manager', 'manager/modul_filemanager', 'fa fa-circle-o', 6),
(24, 1, 'modul', 'modul-import', 'Import Soal Spreadsheet', 'manager/modul_import', 'fa fa-circle-o', 4),
(25, 1, 'tes', 'tes-evaluasi', 'Evaluasi Tes', 'manager/tes_evaluasi', 'fa fa-circle-o', 5),
(28, 1, 'tes', 'tes-hasil-operator', 'Hasil Tes Operator', 'manager/tes_hasil_operator', 'fa fa-circle-o', 10),
(30, 0, '', 'tool', 'Tool', '#', 'fa fa-wrench', 6),
(31, 1, 'tool', 'tool-backup', 'Database', 'manager/tool_backup', 'fa fa-database', 1),
(32, 1, 'tes-laporan', 'laporan-rekap', 'Rekap Hasil Tes', 'manager/laporan_rekap_hasil', 'fa fa-circle-o', 7),
(33, 1, 'tool', 'tool-exportimport-soal', 'Export / Import Soal', 'manager/tool_exportimport_soal', 'fa fa-circle-o', 2),
(34, 1, 'user', 'user-zyacbt', 'Pengaturan ZYACBT', 'manager/pengaturan_zyacbt', 'fa fa-circle-o', 1),
(37, 1, 'peserta', 'peserta-kartu', 'Cetak Kartu', 'manager/peserta_kartu', 'fa fa-circle-o', 5),
(38, 0, '', 'tes-laporan', 'Laporan', '#', 'fa fa-print', 5),
(41, 1, 'tes-laporan', 'laporan-analisis-butir-soal', 'Analisis Butir Soal', 'manager/laporan_analisis_butir_soal', 'fa fa-circle-o', 1),
(42, 1, 'tes-laporan', 'laporan-analisis-soal', 'Analisis Soal', 'manager/laporan_analisis_soal', 'fa fa-circle-o', 2),
(43, 1, 'modul', 'modul-import-word', 'Import Soal Word', 'manager/modul_import_word', 'fa fa-circle-o', 4),
(44, 1, 'peserta', 'peserta-konfirmasi', 'Konfirmasi Peserta', 'manager/peserta_konfirmasi', 'fa fa-circle-o', 4);

--
-- Indexes for dumped tables
--

--
-- Indexes for table `cbt_jawaban`
--
ALTER TABLE `cbt_jawaban`
  ADD PRIMARY KEY (`jawaban_id`),
  ADD KEY `p_answer_question_id` (`jawaban_soal_id`);

--
-- Indexes for table `cbt_konfigurasi`
--
ALTER TABLE `cbt_konfigurasi`
  ADD PRIMARY KEY (`konfigurasi_id`),
  ADD UNIQUE KEY `konfigurasi_kode` (`konfigurasi_kode`);

--
-- Indexes for table `cbt_modul`
--
ALTER TABLE `cbt_modul`
  ADD PRIMARY KEY (`modul_id`),
  ADD UNIQUE KEY `ak_module_name` (`modul_nama`);

--
-- Indexes for table `cbt_sessions`
--
ALTER TABLE `cbt_sessions`
  ADD PRIMARY KEY (`id`),
  ADD KEY `ci_sessions_timestamp` (`timestamp`);

--
-- Indexes for table `cbt_soal`
--
ALTER TABLE `cbt_soal`
  ADD PRIMARY KEY (`soal_id`),
  ADD KEY `p_question_subject_id` (`soal_topik_id`);

--
-- Indexes for table `cbt_tes`
--
ALTER TABLE `cbt_tes`
  ADD PRIMARY KEY (`tes_id`),
  ADD UNIQUE KEY `ak_test_name` (`tes_nama`);

--
-- Indexes for table `cbt_tesgrup`
--
ALTER TABLE `cbt_tesgrup`
  ADD PRIMARY KEY (`tstgrp_tes_id`,`tstgrp_grup_id`),
  ADD KEY `p_tstgrp_test_id` (`tstgrp_tes_id`),
  ADD KEY `p_tstgrp_group_id` (`tstgrp_grup_id`);

--
-- Indexes for table `cbt_tes_soal`
--
ALTER TABLE `cbt_tes_soal`
  ADD PRIMARY KEY (`tessoal_id`),
  ADD UNIQUE KEY `ak_testuser_question` (`tessoal_tesuser_id`,`tessoal_soal_id`),
  ADD KEY `p_testlog_question_id` (`tessoal_soal_id`),
  ADD KEY `p_testlog_testuser_id` (`tessoal_tesuser_id`);

--
-- Indexes for table `cbt_tes_soal_jawaban`
--
ALTER TABLE `cbt_tes_soal_jawaban`
  ADD PRIMARY KEY (`soaljawaban_tessoal_id`,`soaljawaban_jawaban_id`),
  ADD KEY `p_logansw_answer_id` (`soaljawaban_jawaban_id`),
  ADD KEY `p_logansw_testlog_id` (`soaljawaban_tessoal_id`);

--
-- Indexes for table `cbt_tes_token`
--
ALTER TABLE `cbt_tes_token`
  ADD PRIMARY KEY (`token_id`),
  ADD KEY `token_user_id` (`token_user_id`);

--
-- Indexes for table `cbt_tes_topik_set`
--
ALTER TABLE `cbt_tes_topik_set`
  ADD PRIMARY KEY (`tset_id`),
  ADD KEY `p_tsubset_test_id` (`tset_tes_id`),
  ADD KEY `tsubset_subject_id` (`tset_topik_id`);

--
-- Indexes for table `cbt_tes_user`
--
ALTER TABLE `cbt_tes_user`
  ADD PRIMARY KEY (`tesuser_id`),
  ADD UNIQUE KEY `ak_testuser` (`tesuser_tes_id`,`tesuser_user_id`,`tesuser_status`),
  ADD KEY `p_testuser_user_id` (`tesuser_user_id`),
  ADD KEY `p_testuser_test_id` (`tesuser_tes_id`);

--
-- Indexes for table `cbt_topik`
--
ALTER TABLE `cbt_topik`
  ADD PRIMARY KEY (`topik_id`),
  ADD UNIQUE KEY `ak_subject_name` (`topik_modul_id`,`topik_nama`);

--
-- Indexes for table `cbt_user`
--
ALTER TABLE `cbt_user`
  ADD PRIMARY KEY (`user_id`),
  ADD UNIQUE KEY `ak_user_name` (`user_name`),
  ADD KEY `user_groups_id` (`user_grup_id`),
  ADD KEY `user_detail` (`user_detail`);

--
-- Indexes for table `cbt_user_grup`
--
ALTER TABLE `cbt_user_grup`
  ADD PRIMARY KEY (`grup_id`),
  ADD UNIQUE KEY `group_name` (`grup_nama`);

--
-- Indexes for table `user`
--
ALTER TABLE `user`
  ADD PRIMARY KEY (`id`),
  ADD UNIQUE KEY `username` (`username`),
  ADD KEY `level` (`level`);

--
-- Indexes for table `user_akses`
--
ALTER TABLE `user_akses`
  ADD PRIMARY KEY (`id`),
  ADD KEY `akses_kode_menu` (`kode_menu`),
  ADD KEY `akses_level` (`level`);

--
-- Indexes for table `user_level`
--
ALTER TABLE `user_level`
  ADD PRIMARY KEY (`id`),
  ADD UNIQUE KEY `level` (`level`);

--
-- Indexes for table `user_log`
--
ALTER TABLE `user_log`
  ADD PRIMARY KEY (`id`);

--
-- Indexes for table `user_menu`
--
ALTER TABLE `user_menu`
  ADD PRIMARY KEY (`id`),
  ADD UNIQUE KEY `kode_menu` (`kode_menu`);

--
-- AUTO_INCREMENT for dumped tables
--

--
-- AUTO_INCREMENT for table `cbt_jawaban`
--
ALTER TABLE `cbt_jawaban`
  MODIFY `jawaban_id` bigint(20) UNSIGNED NOT NULL AUTO_INCREMENT, AUTO_INCREMENT=626;

--
-- AUTO_INCREMENT for table `cbt_konfigurasi`
--
ALTER TABLE `cbt_konfigurasi`
  MODIFY `konfigurasi_id` int(11) NOT NULL AUTO_INCREMENT, AUTO_INCREMENT=6;

--
-- AUTO_INCREMENT for table `cbt_modul`
--
ALTER TABLE `cbt_modul`
  MODIFY `modul_id` bigint(20) UNSIGNED NOT NULL AUTO_INCREMENT, AUTO_INCREMENT=10;

--
-- AUTO_INCREMENT for table `cbt_soal`
--
ALTER TABLE `cbt_soal`
  MODIFY `soal_id` bigint(20) UNSIGNED NOT NULL AUTO_INCREMENT, AUTO_INCREMENT=215;

--
-- AUTO_INCREMENT for table `cbt_tes`
--
ALTER TABLE `cbt_tes`
  MODIFY `tes_id` bigint(20) UNSIGNED NOT NULL AUTO_INCREMENT, AUTO_INCREMENT=6;

--
-- AUTO_INCREMENT for table `cbt_tes_soal`
--
ALTER TABLE `cbt_tes_soal`
  MODIFY `tessoal_id` bigint(20) UNSIGNED NOT NULL AUTO_INCREMENT, AUTO_INCREMENT=71;

--
-- AUTO_INCREMENT for table `cbt_tes_token`
--
ALTER TABLE `cbt_tes_token`
  MODIFY `token_id` int(11) NOT NULL AUTO_INCREMENT, AUTO_INCREMENT=13;

--
-- AUTO_INCREMENT for table `cbt_tes_topik_set`
--
ALTER TABLE `cbt_tes_topik_set`
  MODIFY `tset_id` bigint(20) UNSIGNED NOT NULL AUTO_INCREMENT, AUTO_INCREMENT=6;

--
-- AUTO_INCREMENT for table `cbt_tes_user`
--
ALTER TABLE `cbt_tes_user`
  MODIFY `tesuser_id` bigint(20) UNSIGNED NOT NULL AUTO_INCREMENT, AUTO_INCREMENT=8;

--
-- AUTO_INCREMENT for table `cbt_topik`
--
ALTER TABLE `cbt_topik`
  MODIFY `topik_id` bigint(20) UNSIGNED NOT NULL AUTO_INCREMENT, AUTO_INCREMENT=9;

--
-- AUTO_INCREMENT for table `cbt_user`
--
ALTER TABLE `cbt_user`
  MODIFY `user_id` bigint(20) UNSIGNED NOT NULL AUTO_INCREMENT, AUTO_INCREMENT=24;

--
-- AUTO_INCREMENT for table `cbt_user_grup`
--
ALTER TABLE `cbt_user_grup`
  MODIFY `grup_id` bigint(20) UNSIGNED NOT NULL AUTO_INCREMENT, AUTO_INCREMENT=6;

--
-- AUTO_INCREMENT for table `user`
--
ALTER TABLE `user`
  MODIFY `id` int(11) NOT NULL AUTO_INCREMENT, AUTO_INCREMENT=6;

--
-- AUTO_INCREMENT for table `user_akses`
--
ALTER TABLE `user_akses`
  MODIFY `id` int(11) NOT NULL AUTO_INCREMENT, AUTO_INCREMENT=506;

--
-- AUTO_INCREMENT for table `user_level`
--
ALTER TABLE `user_level`
  MODIFY `id` int(11) NOT NULL AUTO_INCREMENT, AUTO_INCREMENT=9;

--
-- AUTO_INCREMENT for table `user_log`
--
ALTER TABLE `user_log`
  MODIFY `id` int(11) NOT NULL AUTO_INCREMENT;

--
-- AUTO_INCREMENT for table `user_menu`
--
ALTER TABLE `user_menu`
  MODIFY `id` int(11) NOT NULL AUTO_INCREMENT, AUTO_INCREMENT=45;

--
-- Constraints for dumped tables
--

--
-- Constraints for table `cbt_jawaban`
--
ALTER TABLE `cbt_jawaban`
  ADD CONSTRAINT `cbt_jawaban_ibfk_1` FOREIGN KEY (`jawaban_soal_id`) REFERENCES `cbt_soal` (`soal_id`) ON DELETE CASCADE ON UPDATE NO ACTION;

--
-- Constraints for table `cbt_soal`
--
ALTER TABLE `cbt_soal`
  ADD CONSTRAINT `cbt_soal_ibfk_1` FOREIGN KEY (`soal_topik_id`) REFERENCES `cbt_topik` (`topik_id`) ON DELETE CASCADE ON UPDATE NO ACTION;

--
-- Constraints for table `cbt_tesgrup`
--
ALTER TABLE `cbt_tesgrup`
  ADD CONSTRAINT `cbt_tesgrup_ibfk_1` FOREIGN KEY (`tstgrp_tes_id`) REFERENCES `cbt_tes` (`tes_id`) ON DELETE CASCADE ON UPDATE NO ACTION,
  ADD CONSTRAINT `cbt_tesgrup_ibfk_2` FOREIGN KEY (`tstgrp_grup_id`) REFERENCES `cbt_user_grup` (`grup_id`) ON DELETE CASCADE ON UPDATE NO ACTION;

--
-- Constraints for table `cbt_tes_soal`
--
ALTER TABLE `cbt_tes_soal`
  ADD CONSTRAINT `cbt_tes_soal_ibfk_1` FOREIGN KEY (`tessoal_tesuser_id`) REFERENCES `cbt_tes_user` (`tesuser_id`) ON DELETE CASCADE ON UPDATE NO ACTION,
  ADD CONSTRAINT `cbt_tes_soal_ibfk_2` FOREIGN KEY (`tessoal_soal_id`) REFERENCES `cbt_soal` (`soal_id`) ON UPDATE NO ACTION;

--
-- Constraints for table `cbt_tes_soal_jawaban`
--
ALTER TABLE `cbt_tes_soal_jawaban`
  ADD CONSTRAINT `cbt_tes_soal_jawaban_ibfk_1` FOREIGN KEY (`soaljawaban_tessoal_id`) REFERENCES `cbt_tes_soal` (`tessoal_id`) ON DELETE CASCADE ON UPDATE NO ACTION,
  ADD CONSTRAINT `cbt_tes_soal_jawaban_ibfk_2` FOREIGN KEY (`soaljawaban_jawaban_id`) REFERENCES `cbt_jawaban` (`jawaban_id`) ON UPDATE NO ACTION;

--
-- Constraints for table `cbt_tes_token`
--
ALTER TABLE `cbt_tes_token`
  ADD CONSTRAINT `cbt_tes_token_ibfk_1` FOREIGN KEY (`token_user_id`) REFERENCES `user` (`id`) ON DELETE CASCADE ON UPDATE CASCADE;

--
-- Constraints for table `cbt_tes_topik_set`
--
ALTER TABLE `cbt_tes_topik_set`
  ADD CONSTRAINT `cbt_tes_topik_set_ibfk_1` FOREIGN KEY (`tset_tes_id`) REFERENCES `cbt_tes` (`tes_id`) ON DELETE CASCADE ON UPDATE NO ACTION,
  ADD CONSTRAINT `cbt_tes_topik_set_ibfk_2` FOREIGN KEY (`tset_topik_id`) REFERENCES `cbt_topik` (`topik_id`) ON UPDATE NO ACTION;

--
-- Constraints for table `cbt_tes_user`
--
ALTER TABLE `cbt_tes_user`
  ADD CONSTRAINT `cbt_tes_user_ibfk_1` FOREIGN KEY (`tesuser_tes_id`) REFERENCES `cbt_tes` (`tes_id`) ON DELETE CASCADE,
  ADD CONSTRAINT `cbt_tes_user_ibfk_2` FOREIGN KEY (`tesuser_user_id`) REFERENCES `cbt_user` (`user_id`) ON DELETE CASCADE ON UPDATE NO ACTION;

--
-- Constraints for table `cbt_topik`
--
ALTER TABLE `cbt_topik`
  ADD CONSTRAINT `cbt_topik_ibfk_1` FOREIGN KEY (`topik_modul_id`) REFERENCES `cbt_modul` (`modul_id`) ON DELETE CASCADE ON UPDATE NO ACTION;

--
-- Constraints for table `cbt_user`
--
ALTER TABLE `cbt_user`
  ADD CONSTRAINT `cbt_user_ibfk_1` FOREIGN KEY (`user_grup_id`) REFERENCES `cbt_user_grup` (`grup_id`) ON DELETE CASCADE ON UPDATE NO ACTION;

--
-- Constraints for table `user`
--
ALTER TABLE `user`
  ADD CONSTRAINT `user_ibfk_1` FOREIGN KEY (`level`) REFERENCES `user_level` (`level`) ON DELETE CASCADE ON UPDATE CASCADE;

--
-- Constraints for table `user_akses`
--
ALTER TABLE `user_akses`
  ADD CONSTRAINT `user_akses_ibfk_2` FOREIGN KEY (`kode_menu`) REFERENCES `user_menu` (`kode_menu`) ON DELETE CASCADE ON UPDATE CASCADE,
  ADD CONSTRAINT `user_akses_ibfk_3` FOREIGN KEY (`level`) REFERENCES `user_level` (`level`) ON DELETE CASCADE ON UPDATE CASCADE;
COMMIT;

/*!40101 SET CHARACTER_SET_CLIENT=@OLD_CHARACTER_SET_CLIENT */;
/*!40101 SET CHARACTER_SET_RESULTS=@OLD_CHARACTER_SET_RESULTS */;
/*!40101 SET COLLATION_CONNECTION=@OLD_COLLATION_CONNECTION */;
